UF,Nome Parlamentar,Posição,Partido,Email,Telefone,Evidência
AC,Leo de Brito,A favor do impeachment,PT,dep.leodebrito@camara.leg.br,3215-5572,https://twitter.com/leodebritoac/status/1348092750206545921
AC,Perpétua Almeida,A favor do impeachment,PCdoB,dep.perpetuaalmeida@camara.leg.br,3215-5310,https://twitter.com/perpetua_acre/status/1326120907534954496
AC,Alan Rick,Não se pronunciou,DEM,dep.alanrick@camara.leg.br,3215-5650,null
AC,Dra. Vanda Milani,Não se pronunciou,SOLIDARIEDADE,dep.dra.vandamilani@camara.leg.br,3215-5516,null
AC,Flaviano Melo,Não se pronunciou,MDB,dep.flavianomelo@camara.leg.br,3215-5224,null
AC,Jéssica Sales,Não se pronunciou,MDB,dep.jessicasales@camara.leg.br,3215-5952,null
AC,Jesus Sérgio,Não se pronunciou,PDT,dep.jesussergio@camara.leg.br,3215-5941,null
AC,Mara Rocha,Não se pronunciou,PSDB,dep.mararocha@camara.leg.br,3215-5607,null
AL,Paulão,A favor do impeachment,PT,dep.paulao@camara.leg.br,3215-5366,https://twitter.com/paulaodopt/status/1338119962611822592
AL,Arthur Lira,Contra o impeachment,PP,dep.arthurlira@camara.leg.br,3215-5942,https://twitter.com/ArthurLira_/status/1348274636849610753
AL,Pedro Vilela,Contra o impeachment,PSDB,dep.pedrovilela@camara.leg.br,3215-5271,https://pbs.twimg.com/media/EsQt0m5XIAI2Yl8?format=jpg&name=large
AL,Isnaldo Bulhões Jr.,Não se pronunciou,MDB,dep.isnaldobulhoesjr@camara.leg.br,3215-5460,null
AL,Marx Beltrão,Não se pronunciou,PSD,dep.marxbeltrao@camara.leg.br,3215-5722,null
AL,Nivaldo Albuquerque,Não se pronunciou,PTB,dep.nivaldoalbuquerque@camara.leg.br,3215-5425,null
AL,Sergio Toledo,Não se pronunciou,PL,dep.sergiotoledo@camara.leg.br,3215-5539,null
AL,Severino Pessoa,Não se pronunciou,REPUBLICANOS,dep.severinopessoa@camara.leg.br,3215-5467,null
AL,Tereza Nelma,A favor do impeachment,PSDB,dep.terezanelma@camara.leg.br,3215-5322,https://twitter.com/terezanelmaal/status/1351291382426693632?s=21
AM,José Ricardo,A favor do impeachment,PT,dep.josericardo@camara.leg.br,3215-5411,https://twitter.com/ZeRicardoAM/status/1350172323140276226
AM,Capitão Alberto Neto,Contra o impeachment,REPUBLICANOS,dep.capitaoalbertoneto@camara.leg.br,3215-5933,https://twitter.com/capalbertoneto/status/1254963435529535491
AM,Silas Câmara,Contra o impeachment,REPUBLICANOS,dep.silascamara@camara.leg.br,3215-5532,https://www.oantagonista.com/brasil/o-argumento-de-silas-camara/
AM,Átila Lins,Não se pronunciou,PP,dep.atilalins@camara.leg.br,3215-5730,null
AM,Bosco Saraiva,Não se pronunciou,SOLIDARIEDADE,dep.boscosaraiva@camara.leg.br,3215-5404,null
AM,Delegado Pablo,Não se pronunciou,PSL,dep.delegadopablo@camara.leg.br,3215-5373,null
AM,Marcelo Ramos,Não se pronunciou,PL,dep.marceloramos@camara.leg.br,3215-5805,null
AM,Sidney Leite,Não se pronunciou,PSD,dep.sidneyleite@camara.leg.br,3215-5266,null
AP,Camilo Capiberibe,A favor do impeachment,PSB,dep.camilocapiberibe@camara.leg.br,3215-5209,https://twitter.com/CamiloPSB/status/1349864604961296385
AP,Professora Marcivania,A favor do impeachment,PCdoB,dep.professoramarcivania@camara.leg.br,3215-5338,https://www.facebook.com/profmarcivania/posts/3240524735972380
AP,Acácio Favacho,Não se pronunciou,PROS,dep.acaciofavacho@camara.leg.br,3215-5409,null
AP,Aline Gurgel,Não se pronunciou,REPUBLICANOS,dep.alinegurgel@camara.leg.br,3215-5342,null
AP,André Abdon,Não se pronunciou,PP,dep.andreabdon@camara.leg.br,3215-5831,null
AP,Leda Sadala,Não se pronunciou,AVANTE,dep.ledasadala@camara.leg.br,3215-5611,null
AP,Luiz Carlos,Não se pronunciou,PSDB,dep.luizcarlos@camara.leg.br,3215-5512,null
AP,Vinicius Gurgel,Não se pronunciou,PL,dep.viniciusgurgel@camara.leg.br,3215-5852,null
BA,Afonso Florence,A favor do impeachment,PT,dep.afonsoflorence@camara.leg.br,3215-5305,https://twitter.com/AfonsoFlorence/status/1274285686837968896
BA,Alice Portugal,A favor do impeachment,PCdoB,dep.aliceportugal@camara.leg.br,3215-5420,https://twitter.com/Alice_Portugal/status/1283015119895764992
BA,Bacelar,A favor do impeachment,PODE,dep.bacelar@camara.leg.br,3215-5381,https://twitter.com/DeputadoBacelar/status/1292955117528985602
BA,Daniel Almeida,A favor do impeachment,PCdoB,dep.danielalmeida@camara.leg.br,3215-5317,https://bahiaeconomica.com.br/wp/2020/05/18/daniel-almeida-defende-impeachment-de-jair-bolsonaro-nao-faltam-criterios/
BA,Félix Mendonça Júnior,A favor do impeachment,PDT,dep.felixmendoncajunior@camara.leg.br,3215-5912,https://www.instagram.com/p/CAOC8WHlnPs/?igshid=19n799dowv3th
BA,Jorge Solla,A favor do impeachment,PT,dep.jorgesolla@camara.leg.br,3215-5571,https://twitter.com/depjorgesolla/status/1347190415066333192
BA,Joseildo Ramos,A favor do impeachment,PT,dep.joseildoramos@camara.leg.br,3215-5642,https://twitter.com/joseildoramos/status/1350139558457978892
BA,Lídice da Mata,A favor do impeachment,PSB,dep.lidicedamata@camara.leg.br,3215-5913,https://www.instagram.com/p/CKFVLB-lKdf/
BA,Marcelo Nilo,A favor do impeachment,PSB,dep.marcelonilo@camara.leg.br,3215-5520,https://apublica.org/impeachment-bolsonaro/wp-content/uploads/sites/38/2020/05/pedido0025.pdf
BA,Professora Dayane Pimentel,A favor do impeachment,PSL,dep.professoradayanepimentel@camara.leg.br,3215-5348,https://twitter.com/deppimentel/status/1350499292717441026
BA,Valmir Assunção,A favor do impeachment,PT,dep.valmirassuncao@camara.leg.br,3215-5739,https://twitter.com/DepValmir/status/1293584710120214536
BA,Waldenor Pereira,A favor do impeachment,PT,dep.waldenorpereira@camara.leg.br,3215-5954,https://twitter.com/waldenorpereira/status/1262913162678059013
BA,Zé Neto,A favor do impeachment,PT,dep.zeneto@camara.leg.br,3215-5585,https://twitter.com/depzeneto/status/1350459441280331783
BA,José Rocha,Contra o impeachment,PL,dep.joserocha@camara.leg.br,3215-5908,https://www.oantagonista.com/brasil/jose-rocha-precisamos-de-estabilidade-democratica/
BA,Arthur Oliveira Maia,Não se pronunciou,DEM,dep.arthuroliveiramaia@camara.leg.br,3215-5830,null
BA,Abílio Santana,Não se pronunciou,PL,dep.abiliosantana@camara.leg.br,3215-5531,null
BA,Adolfo Viana,Não se pronunciou,PSDB,dep.adolfoviana@camara.leg.br,3215-5911,null
BA,Alex Santana,Não se pronunciou,PDT,dep.alexsantana@camara.leg.br,3215-5541,null
BA,Antonio Brito,Não se pronunciou,PSD,dep.antoniobrito@camara.leg.br,3215-5479,null
BA,Cacá Leão,Não se pronunciou,PP,dep.cacaleao@camara.leg.br,3215-5320,null
BA,Charles Fernandes,Não se pronunciou,PSD,dep.charlesfernandes@camara.leg.br,3215-5301,null
BA,Claudio Cajado,Não se pronunciou,PP,dep.claudiocajado@camara.leg.br,3215-5630,null
BA,Elmar Nascimento,Não se pronunciou,DEM,dep.elmarnascimento@camara.leg.br,3215-5935,null
BA,Igor Kannário,Não se pronunciou,DEM,dep.igorkannario@camara.leg.br,3215-5337,null
BA,João Carlos Bacelar,Não se pronunciou,PL,dep.joaocarlosbacelar@camara.leg.br,3215-5928,null
BA,João Roma,Não se pronunciou,REPUBLICANOS,dep.joaoroma@camara.leg.br,3215-5276,null
BA,José Nunes,Não se pronunciou,PSD,dep.josenunes@camara.leg.br,3215-5728,null
BA,Leur Lomanto Júnior,Não se pronunciou,DEM,dep.leurlomantojunior@camara.leg.br,3215-5406,null
BA,Márcio Marinho,Não se pronunciou,REPUBLICANOS,dep.marciomarinho@camara.leg.br,3215-5326,null
BA,Mário Negromonte Jr.,Não se pronunciou,PP,dep.marionegromontejr@camara.leg.br,3215-5424,null
BA,Otto Alencar Filho,Não se pronunciou,PSD,dep.ottoalencarfilho@camara.leg.br,3215-5444,null
BA,Pastor Sargento Isidório,Não se pronunciou,AVANTE,dep.pastorsargentoisidorio@camara.leg.br,3215-5817,null
BA,Paulo Azi,Não se pronunciou,DEM,dep.pauloazi@camara.leg.br,3215-5422,null
BA,Paulo Magalhães,Não se pronunciou,PSD,dep.paulomagalhaes@camara.leg.br,3215-5903,null
BA,Raimundo Costa,Não se pronunciou,PL,dep.raimundocosta@camara.leg.br,3215-5226,null
BA,Ronaldo Carletto,Não se pronunciou,PP,dep.ronaldocarletto@camara.leg.br,3215-5262,null
BA,Sérgio Brito,Não se pronunciou,PSD,dep.sergiobrito@camara.leg.br,3215-5638,null
BA,Tito,Não se pronunciou,AVANTE,dep.tito@camara.leg.br,3215-5352,null
BA,Uldurico Junior,Não se pronunciou,PROS,dep.ulduricojunior@camara.leg.br,3215-5729,null
CE,André Figueiredo,A favor do impeachment,PDT,dep.andrefigueiredo@camara.leg.br,3215-5940,https://twitter.com/andrepdt12/status/1349877723582373889
CE,Célio Studart,A favor do impeachment,PV,dep.celiostudart@camara.leg.br,3215-5519,https://twitter.com/CelioStudart/status/1351287094799433728
CE,Denis Bezerra,A favor do impeachment,PSB,dep.denisbezerra@camara.leg.br,3215-5625,https://twitter.com/denisbezerra/status/1258442354643677187
CE,Idilvan Alencar,A favor do impeachment,PDT,dep.idilvanalencar@camara.leg.br,3215-5737,https://twitter.com/IdilvanAlencar/status/1326468734370930688
CE,José Airton Félix Cirilo,A favor do impeachment,PT,dep.joseairtonfelixcirilo@camara.leg.br,3215-5319,https://twitter.com/JoseAirtonPT/status/1349499331951423488
CE,José Guimarães,A favor do impeachment,PT,dep.joseguimaraes@camara.leg.br,3215-5306,https://twitter.com/guimaraes13PT/status/1350134367092400130
CE,Leônidas Cristino,A favor do impeachment,PDT,dep.leonidascristino@camara.leg.br,3215-5948,https://www.facebook.com/leonidascristinooficial/posts/3019066094845324
CE,Dr. Jaziel,Contra o impeachment,PL,dep.dr.jaziel@camara.leg.br,3215-5705,https://www.instagram.com/p/CKRRVt4B8fb/
CE,Genecias Noronha,Contra o impeachment,SOLIDARIEDADE,dep.geneciasnoronha@camara.leg.br,3215-5244,https://drive.google.com/file/d/1sAw_N3BSB5g_H-oSOp4JvLHJR3E8f2ir/view?usp=sharing
CE,Gorete Pereira,Contra o impeachment,PL,dep.goretepereira@camara.leg.br,3215-5713,https://drive.google.com/file/d/1PRDv5O6gPNIQBJCq4jViCAC5sOC-8vxh/view?usp=sharing
CE,Heitor Freire,Contra o impeachment,PSL,dep.heitorfreire@camara.leg.br,3215-5367,https://twitter.com/HeitorFreireCE/status/1352691352451092481
CE,AJ Albuquerque,Não se pronunciou,PP,dep.ajalbuquerque@camara.leg.br,3215-5708,null
CE,Aníbal Gomes,Não se pronunciou,DEM,dep.anibalgomes@camara.leg.br,3215-5731,null
CE,Capitão Wagner,Não se pronunciou,PROS,dep.capitaowagner@camara.leg.br,3215-5711,null
CE,Danilo Forte,Não se pronunciou,PSDB,dep.daniloforte@camara.leg.br,3215-5219,null
CE,Domingos Neto,Não se pronunciou,PSD,dep.domingosneto@camara.leg.br,3215-5546,null
CE,Eduardo Bismarck,Não se pronunciou,PDT,dep.eduardobismarck@camara.leg.br,3215-5652,null
CE,Júnior Mano,Não se pronunciou,PL,dep.juniormano@camara.leg.br,3215-5807,null
CE,Moses Rodrigues,Não se pronunciou,MDB,dep.mosesrodrigues@camara.leg.br,3215-5809,null
CE,Pedro Augusto Bezerra,Não se pronunciou,PTB,dep.pedroaugustobezerra@camara.leg.br,3215-5413,null
CE,Robério Monteiro,Não se pronunciou,PDT,dep.roberiomonteiro@camara.leg.br,3215-5733,null
CE,Vaidon Oliveira,Não se pronunciou,PROS,dep.vaidonoliveira@camara.leg.br,3215-5545,null
DF,Erika Kokay,A favor do impeachment,PT,dep.erikakokay@camara.leg.br,3215-5203,https://twitter.com/erikakokay/status/1348638439374286848
DF,Professor Israel Batista,A favor do impeachment,PV,dep.professorisraelbatista@camara.leg.br,3215-5854,https://twitter.com/ProfIsrael/status/1270730995059380230
DF,Bia Kicis,Contra o impeachment,PSL,dep.biakicis@camara.leg.br,3215-5309,https://twitter.com/Biakicis/status/1340098786731933698
DF,Julio Cesar Ribeiro,Contra o impeachment,REPUBLICANOS,dep.juliocesarribeiro@camara.leg.br,3215-5471,https://twitter.com/JulioCesarRib/status/1257417982407512065
DF,Luis Miranda,Contra o impeachment,DEM,dep.luismiranda@camara.leg.br,3215-5241,https://www.oantagonista.com/brasil/deputado-do-dem-diz-que-pressao-por-impeachment-e-para-desgastar-bolsonaro/
DF,Paula Belmonte,Contra o impeachment,CIDADANIA,dep.paulabelmonte@camara.leg.br,3215-5440,https://twitter.com/paulambelmonte/status/1263292525307211777
DF,Celina Leão,Não se pronunciou,PP,dep.celinaleao@camara.leg.br,3215-5260,null
DF,Flávia Arruda,Não se pronunciou,PL,dep.flaviaarruda@camara.leg.br,3215-5646,null
ES,Helder Salomão,A favor do impeachment,PT,dep.heldersalomao@camara.leg.br,3215-5573,https://twitter.com/heldersalomao/status/1350126563463991297
ES,Neucimar Fraga,Contra o impeachment,PSD,dep.neucimarfraga@camara.leg.br,3215-5375,https://drive.google.com/file/d/1Vi1OcGQWW0wIgXRcA9XCdm-70esNULIS/view?usp=sharing
ES,Amaro Neto,Não se pronunciou,REPUBLICANOS,dep.amaroneto@camara.leg.br,3215-5515,null
ES,Da Vitoria,Não se pronunciou,CIDADANIA,dep.davitoria@camara.leg.br,3215-5579,null
ES,Dra. Soraya Manato,Não se pronunciou,PSL,dep.dra.sorayamanato@camara.leg.br,3215-5313,null
ES,Evair Vieira de Melo,Não se pronunciou,PP,dep.evairvieirademelo@camara.leg.br,3215-5443,null
ES,Felipe Rigoni,Não se pronunciou,PSB,dep.feliperigoni@camara.leg.br,3215-5846,https://drive.google.com/file/d/1Rt5TKu4j0jsPjJBbi3fPBpriiE6XtFNh/view?usp=sharing
ES,Lauriete,Não se pronunciou,PSC,dep.lauriete@camara.leg.br,3215-5223,null
ES,Norma Ayub,Não se pronunciou,DEM,dep.normaayub@camara.leg.br,3215-5732,null
ES,Ted Conti,Não se pronunciou,PSB,dep.tedconti@camara.leg.br,3215-5839,https://twitter.com/placar_es/status/1351161189011763203
GO,Elias Vaz,A favor do impeachment,PSB,dep.eliasvaz@camara.leg.br,3215-5303,https://apublica.org/impeachment-bolsonaro/wp-content/uploads/sites/38/2020/05/pedido0025.pdf
GO,Rubens Otoni,A favor do impeachment,PT,dep.rubensotoni@camara.leg.br,3215-5501,https://twitter.com/RubensOtoni/status/1283116286428565511
GO,José Nelto,Contra o impeachment,PODE,dep.josenelto@camara.leg.br,3215-5703,https://twitter.com/depjosenelto/status/1256230823159910401
GO,Vitor Hugo,Contra o impeachment,PSL,dep.vitorhugo@camara.leg.br,3215-5803,https://twitter.com/MajorVitorHugo/status/1252035527286685709
GO,Adriano do Baldy,Não se pronunciou,PP,dep.adrianodobaldy@camara.leg.br,3215-5419," "
GO,Alcides Rodrigues,Não se pronunciou,PATRIOTA,dep.alcidesrodrigues@camara.leg.br,3215-5332,null
GO,Célio Silveira,Não se pronunciou,PSDB,dep.celiosilveira@camara.leg.br,3215-5511,null
GO,Delegado Waldir,Não se pronunciou,PSL,dep.delegadowaldir@camara.leg.br,3215-5645,null
GO,Dr. Zacharias Calil,Não se pronunciou,DEM,dep.dr.zachariascalil@camara.leg.br,3215-5616,null
GO,Flávia Morais,Não se pronunciou,PDT,dep.flaviamorais@camara.leg.br,3215-5738,null
GO,Francisco Jr.,Não se pronunciou,PSD,dep.franciscojr@camara.leg.br,3215-5643,null
GO,Glaustin da Fokus,Não se pronunciou,PSC,dep.glaustindafokus@camara.leg.br,3215-5473,null
GO,João Campos,Não se pronunciou,REPUBLICANOS,dep.joaocampos@camara.leg.br,3215-5315,null
GO,Jose Mario Schreiner,Não se pronunciou,DEM,dep.josemarioschreiner@camara.leg.br,3215-5567,null
GO,Lucas Vergilio,Não se pronunciou,SOLIDARIEDADE,dep.lucasvergilio@camara.leg.br,3215-5816,null
GO,Magda Mofatto,Não se pronunciou,PL,dep.magdamofatto@camara.leg.br,3215-5934,null
GO,Professor Alcides,Não se pronunciou,PP,dep.professoralcides@camara.leg.br,3215-5441,null
MA,Bira do Pindaré,A favor do impeachment,PSB,dep.biradopindare@camara.leg.br,3215-5480,https://twitter.com/BiradoPindare/status/1262429934284406784
MA,Zé Carlos,A favor do impeachment,PT,dep.zecarlos@camara.leg.br,3215-5543,https://twitter.com/Dep_ZeCarlosPT/status/1262748387478102018
MA,André Fufuca,Contra o impeachment,PP,dep.andrefufuca@camara.leg.br,3215-5945,https://www.oantagonista.com/brasil/fufuca-e-contra-impeachment-de-bolsonaro/
MA,Aluisio Mendes,Não se pronunciou,PSC,dep.aluisiomendes@camara.leg.br,3215-5931,null
MA,Cleber Verde,Não se pronunciou,REPUBLICANOS,dep.cleberverde@camara.leg.br,3215-5710,null
MA,Dr. Gonçalo,Não se pronunciou,REPUBLICANOS,dep.dr.goncalo@camara.leg.br,3215-5370,null
MA,Edilázio Júnior,Não se pronunciou,PSD,dep.edilaziojunior@camara.leg.br,3215-5862,null
MA,Gastão Vieira,Não se pronunciou,PROS,dep.gastaovieira@camara.leg.br,3215-5372,null
MA,Gil Cutrim,Não se pronunciou,PDT,dep.gilcutrim@camara.leg.br,3215-5385,null
MA,Hildo Rocha,Não se pronunciou,MDB,dep.hildorocha@camara.leg.br,3215-5734,null
MA,João Marcelo Souza,Não se pronunciou,MDB,dep.joaomarcelosouza@camara.leg.br,3215-5506,null
MA,Josimar Maranhãozinho,Não se pronunciou,PL,dep.josimarmaranhaozinho@camara.leg.br,3215-5715,null
MA,Josivaldo JP,Não se pronunciou,PODE,dep.josivaldojp@camara.leg.br,3215-5578,null
MA,Junior Lourenço,Não se pronunciou,PL,dep.juniorlourenco@camara.leg.br,3215-5513,null
MA,Juscelino Filho,Não se pronunciou,DEM,dep.juscelinofilho@camara.leg.br,3215-5222,null
MA,Marreca Filho,Não se pronunciou,PATRIOTA,dep.marrecafilho@camara.leg.br,3215-5537,null
MA,Pastor Gil,Não se pronunciou,PL,dep.pastorgil@camara.leg.br,3215-5660,null
MA,Pedro Lucas Fernandes,Não se pronunciou,PTB,dep.pedrolucasfernandes@camara.leg.br,3215-5814,null
MG,Áurea Carolina,A favor do impeachment,PSOL,dep.aureacarolina@camara.leg.br,3215-5619,https://twitter.com/aureacarolinax/status/1349749901417177089
MG,Júlio Delgado,A favor do impeachment,PSB,dep.juliodelgado@camara.leg.br,3215-5323,https://twitter.com/o_antagonista/status/1352607906605248517
MG,Leonardo Monteiro,A favor do impeachment,PT,dep.leonardomonteiro@camara.leg.br,3215-5922,https://twitter.com/depleomonteiro/status/1263554169530716161
MG,Mário Heringer,A favor do impeachment,PDT,dep.marioheringer@camara.leg.br,3215-5211,https://twitter.com/mario_heringer/status/1350207692007239682
MG,Odair Cunha,A favor do impeachment,PT,dep.odaircunha@camara.leg.br,3215-5556,https://twitter.com/odaircunhamg/status/1350101222158696448
MG,Padre João,A favor do impeachment,PT,dep.padrejoao@camara.leg.br,3215-5743,https://twitter.com/dep_padrejoao/status/1278406395038056448
MG,Patrus Ananias,A favor do impeachment,PT,dep.patrusananias@camara.leg.br,3215-5720,https://twitter.com/Patrus_Ananias/status/1267452524073811970
MG,Paulo Guedes,A favor do impeachment,PT,dep.pauloguedes@camara.leg.br,3215-5833,https://twitter.com/deppauloguedes/status/1263475172696260609
MG,Reginaldo Lopes,A favor do impeachment,PT,dep.reginaldolopes@camara.leg.br,3215-5426,https://twitter.com/ReginaldoLopes/status/1283052185207676930
MG,Rogério Correia,A favor do impeachment,PT,dep.rogeriocorreia@camara.leg.br,3215-5614,https://twitter.com/RogerioCorreia_/status/1350103008831541248
MG,Vilson da Fetaemg,A favor do impeachment,PSB,dep.vilsondafetaemg@camara.leg.br,3215-5648,https://apublica.org/impeachment-bolsonaro/wp-content/uploads/sites/38/2020/05/pedido0025.pdf
MG,Alê Silva,Contra o impeachment,PSL,dep.alesilva@camara.leg.br,3215-5462,https://www.oantagonista.com/brasil/ja-basta-a-crise-economica-diz-ale-silva-contraria-a-impeachment-de-bolsonaro/
MG,Delegado Marcelo Freitas,Contra o impeachment,PSL,dep.delegadomarcelofreitas@camara.leg.br,3215-5548,https://twitter.com/DelegadoFreitas/status/1246854420098359296
MG,Diego Andrade,Contra o impeachment,PSD,dep.diegoandrade@camara.leg.br,3215-5307,https://www.instagram.com/p/CKL41kQHzRy/c/18155068630110732/
MG,Dr. Frederico,Contra o impeachment,PATRIOTA,dep.dr.frederico@camara.leg.br,3215-5568,https://twitter.com/DrFredericoMG/status/1351515302266286081
MG,Eros Biondini,Contra o impeachment,PROS,dep.erosbiondini@camara.leg.br,3215-5321,https://www.oantagonista.com/brasil/eros-biondini-e-contra-impeachment-de-bolsonaro/
MG,Junio Amaral,Contra o impeachment,PSL,dep.junioamaral@camara.leg.br,3215-5302,https://twitter.com/cabojunioamaral/status/1339947317819023361
MG,Léo Motta,Contra o impeachment,PSL,dep.leomotta@camara.leg.br,3215-5724,https://www.facebook.com/leomottafederal/posts/2809660979258610
MG,Lincoln Portela,Contra o impeachment,PL,dep.lincolnportela@camara.leg.br,3215-5615,https://twitter.com/lincoln_portela/status/1254887608653619200
MG,Lucas Gonzalez,Contra o impeachment,NOVO,dep.lucasgonzalez@camara.leg.br,3215-5581,https://twitter.com/lucasvgonzalez/status/1252262555835338752
MG,Marcelo Álvaro Antônio,Contra o impeachment,PSL,dep.marceloalvaroantonio@camara.leg.br,3215-5824,https://twitter.com/Marceloalvaroan/status/1337196025291952129
MG,Pinheirinho,Contra o impeachment,PP,dep.pinheirinho@camara.leg.br,3215-5584,https://twitter.com/pinheirinhomg/status/1254029731550375936?s=21
MG,Aécio Neves,Não se pronunciou,PSDB,dep.aecioneves@camara.leg.br,3215-5964,null
MG,Aelton Freitas,Não se pronunciou,PL,dep.aeltonfreitas@camara.leg.br,3215-5481,null
MG,André Janones,Não se pronunciou,AVANTE,dep.andrejanones@camara.leg.br,3215-5580,null
MG,Bilac Pinto,Não se pronunciou,DEM,dep.bilacpinto@camara.leg.br,3215-5806,null
MG,Charlles Evangelista,Não se pronunciou,PSL,dep.charllesevangelista@camara.leg.br,3215-5517,null
MG,Dimas Fabiano,Não se pronunciou,PP,dep.dimasfabiano@camara.leg.br,3215-5736,null
MG,Domingos Sávio,Não se pronunciou,PSDB,dep.domingossavio@camara.leg.br,3215-5345,null
MG,Eduardo Barbosa,Não se pronunciou,PSDB,dep.eduardobarbosa@camara.leg.br,3215-5540,null
MG,Emidinho Madeira,Não se pronunciou,PSB,dep.emidinhomadeira@camara.leg.br,3215-5837,null
MG,Euclydes Pettersen,Não se pronunciou,PSC,dep.euclydespettersen@camara.leg.br,3215-5456,null
MG,Fábio Ramalho,Não se pronunciou,MDB,dep.fabioramalho@camara.leg.br,3215-5826,null
MG,Franco Cartafina,Não se pronunciou,PP,dep.francocartafina@camara.leg.br,3215-5283,null
MG,Fred Costa,Não se pronunciou,PATRIOTA,dep.fredcosta@camara.leg.br,3215-5633,null
MG,Gilberto Abramo,Não se pronunciou,REPUBLICANOS,dep.gilbertoabramo@camara.leg.br,3215-5601,null
MG,Greyce Elias,Não se pronunciou,AVANTE,dep.greyceelias@camara.leg.br,3215-5340,null
MG,Hercílio Coelho Diniz,Não se pronunciou,MDB,dep.herciliocoelhodiniz@camara.leg.br,3215-5510,null
MG,Igor Timo,Não se pronunciou,PODE,dep.igortimo@camara.leg.br,3215-5726,null
MG,Lafayette de Andrada,Não se pronunciou,REPUBLICANOS,dep.lafayettedeandrada@camara.leg.br,3215-5208,null
MG,Luis Tibé,Não se pronunciou,AVANTE,dep.luistibe@camara.leg.br,3215-5632,null
MG,Marcelo Aro,Não se pronunciou,PP,dep.marceloaro@camara.leg.br,3215-5821,null
MG,Mauro Lopes,Não se pronunciou,MDB,dep.maurolopes@camara.leg.br,3215-5844,null
MG,Misael Varella,Não se pronunciou,PSD,dep.misaelvarella@camara.leg.br,3215-5721,null
MG,Newton Cardoso Jr,Não se pronunciou,MDB,dep.newtoncardosojr@camara.leg.br,3215-5932,null
MG,Paulo Abi-Ackel,Não se pronunciou,PSDB,dep.pauloabiackel@camara.leg.br,3215-5718,null
MG,Rodrigo de Castro,Não se pronunciou,PSDB,dep.rodrigodecastro@camara.leg.br,3215-5701,null
MG,Stefano Aguiar,Não se pronunciou,PSD,dep.stefanoaguiar@camara.leg.br,3215-5341,null
MG,Subtenente Gonzaga,Não se pronunciou,PDT,dep.subtenentegonzaga@camara.leg.br,3215-5750,null
MG,Tiago Mitraud,Não se pronunciou,NOVO,dep.tiagomitraud@camara.leg.br,3215-5544,https://twitter.com/TiagoMitraud/status/1350987439427514373
MG,Weliton Prado,Não se pronunciou,PROS,dep.welitonprado@camara.leg.br,3215-5250,null
MG,Zé Silva,Não se pronunciou,SOLIDARIEDADE,dep.zesilva@camara.leg.br,3215-5608,null
MG,Zé Vitor,Não se pronunciou,PL,dep.zevitor@camara.leg.br,3215-5525,null
MS,Dagoberto Nogueira,A favor do impeachment,PDT,dep.dagobertonogueira@camara.leg.br,3215-5522,https://twitter.com/dagobertopdt/status/1351202891877515265
MS,Vander Loubet,A favor do impeachment,PT,dep.vanderloubet@camara.leg.br,3215-5838,https://twitter.com/vanderloubet/status/1257341771660615684
MS,Beto Pereira,Não se pronunciou,PSDB,dep.betopereira@camara.leg.br,3215-5240,null
MS,Bia Cavassa,Não se pronunciou,PSDB,dep.biacavassa@camara.leg.br,3215-5448,null
MS,Dr. Luiz Ovando,Não se pronunciou,PSL,dep.dr.luizovando@camara.leg.br,3215-5644,null
MS,Fábio Trad,Não se pronunciou,PSD,dep.fabiotrad@camara.leg.br,3215-5452,null
MS,Loester Trutis,Não se pronunciou,PSL,dep.loestertrutis@camara.leg.br,3215-5380,null
MS,Rose Modesto,Não se pronunciou,PSDB,dep.rosemodesto@camara.leg.br,3215-5414,null
MT,Professora Rosa Neide,A favor do impeachment,PT,dep.professorarosaneide@camara.leg.br,3215-5371,https://twitter.com/prof_rosaneide/status/1333755508151508993
MT,José Medeiros,Contra o impeachment,PODE,dep.josemedeiros@camara.leg.br,3215-5335,https://twitter.com/JoseMedeirosMT/status/1255826001298366464
MT,Carlos Bezerra,Não se pronunciou,MDB,dep.carlosbezerra@camara.leg.br,3215-5815,null
MT,Dr. Leonardo,Não se pronunciou,SOLIDARIEDADE,dep.dr.leonardo@camara.leg.br,3215-5445,null
MT,Emanuel Pinheiro Neto,Não se pronunciou,PTB,dep.emanuelpinheironeto@camara.leg.br,3215-5374,null
MT,Juarez Costa,Não se pronunciou,MDB,dep.juarezcosta@camara.leg.br,3215-5472,null
MT,Nelson Barbudo,Não se pronunciou,PSL,dep.nelsonbarbudo@camara.leg.br,3215-5635,null
MT,Neri Geller,Não se pronunciou,PP,dep.nerigeller@camara.leg.br,3215-5658,null
PA,Airton Faleiro,A favor do impeachment,PT,dep.airtonfaleiro@camara.leg.br,3215-5327,https://twitter.com/FaleiroAirton/status/1350141799151652868
PA,Beto Faro,A favor do impeachment,PT,dep.betofaro@camara.leg.br,3215-5723,https://twitter.com/BetoFaroPT/status/1349085639996821506
PA,Vivi Reis,A favor do impeachment,PSOL,dep.vivireis@camara.leg.br,3215-5587,https://twitter.com/vivireispsol/status/1349811216915554304
PA,Joaquim Passarinho,Contra o impeachment,PSD,dep.joaquimpassarinho@camara.leg.br,3215-5334,https://www.oantagonista.com/brasil/passarinho-quem-precisa-justificar-e-quem-enxerga-crime-de-responsabilidade/
PA,Vavá Martins,Contra o impeachment,REPUBLICANOS,dep.vavamartins@camara.leg.br,3215-5901,https://twitter.com/vavamartinspa/status/1264014349397626886
PA,Cássio Andrade,Não se pronunciou,PSB,dep.cassioandrade@camara.leg.br,3215-5433,null
PA,Celso Sabino,Não se pronunciou,PSDB,dep.celsosabino@camara.leg.br,3215-5236,null
PA,Cristiano Vale,Não se pronunciou,PL,dep.cristianovale@camara.leg.br,3215-5822,null
PA,Delegado Éder Mauro,Não se pronunciou,PSD,dep.delegadoedermauro@camara.leg.br,3215-5586,null
PA,Eduardo Costa,Não se pronunciou,PTB,dep.eduardocosta@camara.leg.br,3215-5286,null
PA,Elcione Barbalho,Não se pronunciou,MDB,dep.elcionebarbalho@camara.leg.br,3215-5206,null
PA,Hélio Leite,Não se pronunciou,DEM,dep.helioleite@camara.leg.br,3215-5930,null
PA,José Priante,Não se pronunciou,MDB,dep.josepriante@camara.leg.br,3215-5752,null
PA,Júnior Ferrari,Não se pronunciou,PSD,dep.juniorferrari@camara.leg.br,3215-5919,null
PA,Nilson Pinto,Não se pronunciou,PSDB,dep.nilsonpinto@camara.leg.br,3215-5527,null
PA,Olival Marques,Não se pronunciou,DEM,dep.olivalmarques@camara.leg.br,3215-5382,null
PA,Paulo Bengtson,Não se pronunciou,PTB,dep.paulobengtson@camara.leg.br,3215-5505,null
PB,Damião Feliciano,A favor do impeachment,PDT,dep.damiaofeliciano@camara.leg.br,3215-5938,https://www.facebook.com/watch/live/?v=240964496977553&ref=watch_permalink
PB,Frei Anastacio Ribeiro,A favor do impeachment,PT,dep.freianastacioribeiro@camara.leg.br,3215-5442,https://twitter.com/freianastaciopt/status/1242793866014658563
PB,Gervásio Maia,A favor do impeachment,PSB,dep.gervasiomaia@camara.leg.br,3215-5308,https://twitter.com/gervasiomaia/status/1255628576533159936
PB,Julian Lemos,Contra o impeachment,PSL,dep.julianlemos@camara.leg.br,3215-5272,https://twitter.com/JulianLemosopb1/status/1351169296311988224
PB,Aguinaldo Ribeiro,Não se pronunciou,PP,dep.aguinaldoribeiro@camara.leg.br,3215-5735,null
PB,Edna Henrique,Não se pronunciou,PSDB,dep.ednahenrique@camara.leg.br,3215-5962,null
PB,Efraim Filho,Não se pronunciou,DEM,dep.efraimfilho@camara.leg.br,3215-5744,null
PB,Hugo Motta,Não se pronunciou,REPUBLICANOS,dep.hugomotta@camara.leg.br,3215-5237,null
PB,Pedro Cunha Lima,Não se pronunciou,PSDB,dep.pedrocunhalima@camara.leg.br,3215-5810,null
PB,Ruy Carneiro,Não se pronunciou,PSDB,dep.ruycarneiro@camara.leg.br,3215-5536,null
PB,Wellington Roberto,Não se pronunciou,PL,dep.wellingtonroberto@camara.leg.br,3215-5514,null
PB,Wilson Santiago,Não se pronunciou,PTB,dep.wilsonsantiago@camara.leg.br,3215-5534,null
PE,Carlos Veras,A favor do impeachment,PT,dep.carlosveras@camara.leg.br,3215-5466,https://twitter.com/carlosveraspt/status/1338480339367366661
PE,Danilo Cabral,A favor do impeachment,PSB,dep.danilocabral@camara.leg.br,3215-5423,https://apublica.org/impeachment-bolsonaro/wp-content/uploads/sites/38/2020/05/pedido0025.pdf
PE,Gonzaga Patriota,A favor do impeachment,PSB,dep.gonzagapatriota@camara.leg.br,3215-5430,https://apublica.org/impeachment-bolsonaro/wp-content/uploads/sites/38/2020/05/pedido0025.pdf
PE,Marília Arraes,A favor do impeachment,PT,dep.mariliaarraes@camara.leg.br,3215-5654,https://www.instagram.com/mariliaarraes/
PE,Milton Coelho,A favor do impeachment,PSB,dep.miltoncoelho@camara.leg.br,3215-5282,https://twitter.com/MiltonCoelho7/status/1261843830262894594
PE,Renildo Calheiros,A favor do impeachment,PCdoB,dep.renildocalheiros@camara.leg.br,3215-5915,https://twitter.com/renildo/status/1351857636698972161
PE,Tadeu Alencar,A favor do impeachment,PSB,dep.tadeualencar@camara.leg.br,3215-5820,https://twitter.com/TadeuAlencarPE/status/1262858947578548225
PE,Túlio Gadêlha,A favor do impeachment,PDT,dep.tuliogadelha@camara.leg.br,3215-5360,https://www.instagram.com/p/CKEh3uwHPzq/?igshid=1w1iv5tyl7qgo
PE,Wolney Queiroz,A favor do impeachment,PDT,dep.wolneyqueiroz@camara.leg.br,3215-5936,https://noticias.uol.com.br/politica/ultimas-noticias/2021/01/15/oposicao-apresentara-pedido-de-impeachment-contra-bolsonaro-por-caos-no-am.htm
PE,Felipe Carreras,Contra o impeachment,PSB,dep.felipecarreras@camara.leg.br,3215-5318,https://twitter.com/felipecarreras/status/1350982590866587649
PE,André de Paula,Não se pronunciou,PSD,dep.andredepaula@camara.leg.br,3215-5754,null
PE,André Ferreira,Não se pronunciou,PSC,dep.andreferreira@camara.leg.br,3215-5450,null
PE,Augusto Coutinho,Não se pronunciou,SOLIDARIEDADE,dep.augustocoutinho@camara.leg.br,3215-5314,null
PE,Daniel Coelho,Não se pronunciou,CIDADANIA,dep.danielcoelho@camara.leg.br,3215-5813,null
PE,Eduardo da Fonte,Não se pronunciou,PP,dep.eduardodafonte@camara.leg.br,3215-5628,null
PE,Fernando Coelho Filho,Não se pronunciou,DEM,dep.fernandocoelhofilho@camara.leg.br,3215-5662,null
PE,Fernando Monteiro,Não se pronunciou,PP,dep.fernandomonteiro@camara.leg.br,3215-5243,null
PE,Fernando Rodolfo,Não se pronunciou,PL,dep.fernandorodolfo@camara.leg.br,3215-5554,null
PE,Luciano Bivar,Não se pronunciou,PSL,dep.lucianobivar@camara.leg.br,3215-5215,null
PE,Ossesio Silva,Não se pronunciou,REPUBLICANOS,dep.ossesiosilva@camara.leg.br,3215-5328,null
PE,Pastor Eurico,Não se pronunciou,PATRIOTA,dep.pastoreurico@camara.leg.br,3215-5906,null
PE,Raul Henry,Não se pronunciou,MDB,dep.raulhenry@camara.leg.br,3215-5707,null
PE,Ricardo Teobaldo,Não se pronunciou,PODE,dep.ricardoteobaldo@camara.leg.br,3215-5603,null
PE,Sebastião Oliveira,Não se pronunciou,AVANTE,dep.sebastiaooliveira@camara.leg.br,3215-5225,null
PE,Silvio Costa Filho,Não se pronunciou,REPUBLICANOS,dep.silviocostafilho@camara.leg.br,3215-5402,null
PI,Merlong Solano,A favor do impeachment,PT,dep.merlongsolano@camara.leg.br,3215-5909,https://twitter.com/merlongsolano/status/1350779632853909506?s=21
PI,Rejane Dias,A favor do impeachment,PT,dep.rejanedias@camara.leg.br,3215-5624,https://apublica.org/impeachment-bolsonaro/wp-content/uploads/sites/38/2020/05/pedido-0029-ocultado.pdf
PI,Átila Lira,Não se pronunciou,PP,dep.atilalira@camara.leg.br,3215-5640,null
PI,Capitão Fábio Abreu,Não se pronunciou,PL,dep.capitaofabioabreu@camara.leg.br,3215-5202,null
PI,Flávio Nogueira,Não se pronunciou,PDT,dep.flavionogueira@camara.leg.br,3215-5811,null
PI,Iracema Portella,Não se pronunciou,PP,dep.iracemaportella@camara.leg.br,3215-5924,null
PI,Júlio Cesar,Não se pronunciou,PSD,dep.juliocesar@camara.leg.br,3215-5944,null
PI,Marcos Aurélio Sampaio,Não se pronunciou,MDB,dep.marcosaureliosampaio@camara.leg.br,3215-5565,null
PI,Margarete Coelho,Não se pronunciou,PP,dep.margaretecoelho@camara.leg.br,3215-5210,null
PI,Marina Santos,Não se pronunciou,SOLIDARIEDADE,dep.marinasantos@camara.leg.br,3215-5434,null
PR,Aliel Machado,A favor do impeachment,PSB,dep.alielmachado@camara.leg.br,3215-5220,https://apublica.org/impeachment-bolsonaro/wp-content/uploads/sites/38/2020/05/pedido0025.pdf
PR,Enio Verri,A favor do impeachment,PT,dep.enioverri@camara.leg.br,3215-5627,https://twitter.com/enioverri/status/1350093337294995458
PR,Gleisi Hoffmann,A favor do impeachment,PT,dep.gleisihoffmann@camara.leg.br,3215-5232,https://twitter.com/gleisi/status/1339983505296646147
PR,Gustavo Fruet,A favor do impeachment,PDT,dep.gustavofruet@camara.leg.br,3215-5827,https://twitter.com/gustavofruet/status/1350235661824126981?s=21
PR,Luciano Ducci,A favor do impeachment,PSB,dep.lucianoducci@camara.leg.br,3215-5427,https://apublica.org/impeachment-bolsonaro/wp-content/uploads/sites/38/2020/05/pedido0025.pdf
PR,Zeca Dirceu,A favor do impeachment,PT,dep.zecadirceu@camara.leg.br,3215-5613,https://twitter.com/zeca_dirceu/status/1337448220839047169
PR,Aline Sleutjes,Contra o impeachment,PSL,dep.alinesleutjes@camara.leg.br,3215-5550,https://twitter.com/AlineSleutjes/status/1350419139966476288
PR,Aroldo Martins,Contra o impeachment,REPUBLICANOS,dep.aroldomartins@camara.leg.br,3215-5437,https://twitter.com/aroldomartins/status/1351167138619412487
PR,Boca Aberta,Contra o impeachment,PROS,dep.bocaaberta@camara.leg.br,3215-5384,https://drive.google.com/file/d/1POFbZa8YTc6uMzYp6QkHm1l9RQqDalgG/view?usp=sharing
PR,Diego Garcia,Contra o impeachment,PODE,dep.diegogarcia@camara.leg.br,3215-5910,https://www.instagram.com/p/CKAKHWml8CH/c/18139290487135676/r/17923723861502153/
PR,Filipe Barros,Contra o impeachment,PSL,dep.filipebarros@camara.leg.br,3215-5745,https://twitter.com/filipebarrost/status/1232502525649149952
PR,Paulo Eduardo Martins,Contra o impeachment,PSC,dep.pauloeduardomartins@camara.leg.br,3215-5233,https://twitter.com/PauloMartins10/status/1254810107852001281
PR,Pedro Lupion,Contra o impeachment,DEM,dep.pedrolupion@camara.leg.br,3215-5812,https://twitter.com/pedro_lupion/status/1326951791855013888
PR,Reinhold Stephanes Junior,Contra o impeachment,PSD,dep.reinholdstephanesjunior@camara.leg.br,3215-5221,https://twitter.com/StephanesJr/status/1350990508663984130
PR,Ricardo Barros,Contra o impeachment,PP,dep.ricardobarros@camara.leg.br,3215-5412,https://www.oantagonista.com/brasil/ricardo-barros-nao-e-nao/
PR,Sargento Fahur,Contra o impeachment,PSD,dep.sargentofahur@camara.leg.br,3215-5858,https://twitter.com/SargentoFAHUR/status/1345440368502960129
PR,Christiane de Souza Yared,Não se pronunciou,PL,dep.christianedesouzayared@camara.leg.br,3215-5201,null
PR,Felipe Francischini,Não se pronunciou,PSL,dep.felipefrancischini@camara.leg.br,3215-5265,null
PR,Giacobo,Não se pronunciou,PL,dep.giacobo@camara.leg.br,3215-5762,null
PR,Hermes Parcianello,Não se pronunciou,MDB,dep.hermesparcianello@camara.leg.br,3215-5234,null
PR,Leandre,Não se pronunciou,PV,dep.leandre@camara.leg.br,3215-5454,null
PR,Luisa Canziani,Não se pronunciou,PTB,dep.luisacanziani@camara.leg.br,3215-5842,null
PR,Luiz Nishimori,Não se pronunciou,PL,dep.luiznishimori@camara.leg.br,3215-5907,null
PR,Luizão Goulart,Não se pronunciou,REPUBLICANOS,dep.luizaogoulart@camara.leg.br,3215-5218,null
PR,Roman,Não se pronunciou,PATRIOTA,dep.roman@camara.leg.br,3215-5575,null
PR,Rubens Bueno,Não se pronunciou,CIDADANIA,dep.rubensbueno@camara.leg.br,3215-5916,null
PR,Schiavinato,Não se pronunciou,PP,dep.schiavinato@camara.leg.br,3215-5746,null
PR,Sergio Souza,Não se pronunciou,MDB,dep.sergiosouza@camara.leg.br,3215-5702,null
PR,Toninho Wandscheer,Não se pronunciou,PROS,dep.toninhowandscheer@camara.leg.br,3215-5902,null
PR,Vermelho,Não se pronunciou,PSD,dep.vermelho@camara.leg.br,3215-5920,null
RJ,Alessandro Molon,A favor do impeachment,PSB,dep.alessandromolon@camara.leg.br,3215-5304,https://twitter.com/alessandromolon/status/1297943205745500163
RJ,Benedita da Silva,A favor do impeachment,PT,dep.beneditadasilva@camara.leg.br,3215-5330,https://twitter.com/dasilvabenedita/status/1293618780447399943
RJ,Chico D'Angelo,A favor do impeachment,PDT,dep.chicodangelo@camara.leg.br,3215-5542,https://twitter.com/chico_dangelo/status/1319621236574588929
RJ,David Miranda,A favor do impeachment,PSOL,dep.davidmiranda@camara.leg.br,3215-5267,https://twitter.com/davidmirandario/status/1339196440854343680
RJ,Glauber Braga,A favor do impeachment,PSOL,dep.glauberbraga@camara.leg.br,3215-5362,https://twitter.com/Glauber_Braga/status/1348029399472484361
RJ,Jandira Feghali,A favor do impeachment,PCdoB,dep.jandirafeghali@camara.leg.br,3215-5622,https://twitter.com/jandira_feghali/status/1345062696627167239
RJ,Marcelo Freixo,A favor do impeachment,PSOL,dep.marcelofreixo@camara.leg.br,3215-5725,https://twitter.com/MarceloFreixo/status/1350092173564403727
RJ,Paulo Ramos,A favor do impeachment,PDT,dep.pauloramos@camara.leg.br,3215-5804,https://twitter.com/deppauloramosrj/status/1350031953735667713
RJ,Talíria Petrone,A favor do impeachment,PSOL,dep.taliriapetrone@camara.leg.br,3215-5617,https://twitter.com/taliriapetrone/status/1349401708468854784
RJ,Carlos Jordy,Contra o impeachment,PSL,dep.carlosjordy@camara.leg.br,3215-5383,https://twitter.com/carlosjordy/status/1255903280930095105
RJ,Daniel Silveira,Contra o impeachment,PSL,dep.danielsilveira@camara.leg.br,3215-5403,https://twitter.com/danielPMERJ/status/1254848263456468993
RJ,Felício Laterça,Contra o impeachment,PSL,dep.feliciolaterca@camara.leg.br,3215-5275,https://twitter.com/FederalFelicio/status/1352695831653179392
RJ,Gurgel,Contra o impeachment,PSL,dep.gurgel@camara.leg.br,3215-5937,https://drive.google.com/file/d/19nDFh9Vnj1XNHrHuy680FAowiGAJTQGT/view?usp=sharing
RJ,Helio Lopes,Contra o impeachment,PSL,dep.heliolopes@camara.leg.br,3215-5405,https://twitter.com/depheliolopes/status/1274349004269277186
RJ,Hugo Leal,Contra o impeachment,PSD,dep.hugoleal@camara.leg.br,3215-5631,https://www.oantagonista.com/brasil/hugo-leal-ja-vi-coisas-piores-em-outros-governos/
RJ,Luiz Lima,Contra o impeachment,PSL,dep.luizlima@camara.leg.br,3215-5504,https://twitter.com/Oficialluizlima/status/1252043913080250368
RJ,Major Fabiana,Contra o impeachment,PSL,dep.majorfabiana@camara.leg.br,3215-5509,https://twitter.com/majorfabianadep/status/1234435977688559617
RJ,Márcio Labre,Contra o impeachment,PSL,dep.marciolabre@camara.leg.br,3215-5325,https://twitter.com/marciolabre/status/1130511968211804160
RJ,Otoni de Paula,Contra o impeachment,PSC,dep.otonidepaula@camara.leg.br,3215-5484,https://twitter.com/OtoniDepFederal/status/1351554834906886152
RJ,Professor Joziel,Contra o impeachment,PSL,dep.professorjoziel@camara.leg.br,3215-5929,https://drive.google.com/file/d/1ZfqS4h7vUZbieTyHJL5I2wp-zMlOqYH-/view?usp=sharing
RJ,Sóstenes Cavalcante,Contra o impeachment,DEM,dep.sostenescavalcante@camara.leg.br,3215-5560,https://twitter.com/depsostenes/status/1349857568626237441?s=21
RJ,Altineu Côrtes,Não se pronunciou,PL,dep.altineucortes@camara.leg.br,3215-5336,null
RJ,Aureo Ribeiro,Não se pronunciou,SOLIDARIEDADE,dep.aureoribeiro@camara.leg.br,3215-5212,null
RJ,Chiquinho Brazão,Não se pronunciou,AVANTE,dep.chiquinhobrazao@camara.leg.br,3215-5507,null
RJ,Chris Tonietto,Não se pronunciou,PSL,dep.christonietto@camara.leg.br,3215-5446,null
RJ,Christino Aureo,Não se pronunciou,PP,dep.christinoaureo@camara.leg.br,3215-5227,null
RJ,Clarissa Garotinho,Não se pronunciou,PROS,dep.clarissagarotinho@camara.leg.br,3215-5714,null
RJ,Daniela do Waguinho,Não se pronunciou,MDB,dep.danieladowaguinho@camara.leg.br,3215-5950,null
RJ,Delegado Antônio Furtado,Não se pronunciou,PSL,dep.delegadoantoniofurtado@camara.leg.br,3215-5602,null
RJ,Dr. Luiz Antonio Teixeira Jr.,Não se pronunciou,PP,dep.dr.luizantonioteixeirajr@camara.leg.br,3215-5577,null
RJ,Flordelis,Não se pronunciou,PSD,dep.flordelis@camara.leg.br,3215-5612,null
RJ,Gelson Azevedo,Não se pronunciou,PL,dep.gelsonazevedo@camara.leg.br,3215-5369,null
RJ,Gutemberg Reis,Não se pronunciou,MDB,dep.gutembergreis@camara.leg.br,3215-5856,null
RJ,Jorge Braz,Não se pronunciou,REPUBLICANOS,dep.jorgebraz@camara.leg.br,3215-5213,null
RJ,Juninho do Pneu,Não se pronunciou,DEM,dep.juninhodopneu@camara.leg.br,3215-5641,null
RJ,Lourival Gomes,Não se pronunciou,PSL,dep.lourivalgomes@camara.leg.br,3215-5636,null
RJ,Luiz Antônio Corrêa,Não se pronunciou,PL,dep.luizantoniocorrea@camara.leg.br,3215-5610,null
RJ,Marcos Soares,Não se pronunciou,DEM,dep.marcossoares@camara.leg.br,3215-5727,null
RJ,Otavio Leite,Não se pronunciou,PSDB,dep.otavioleite@camara.leg.br,3215-5939,null
RJ,Paulo Ganime,Não se pronunciou,NOVO,dep.pauloganime@camara.leg.br,3215-5230,null
RJ,Pedro Augusto,Não se pronunciou,PSD,dep.pedroaugusto@camara.leg.br,3215-5284,null
RJ,Ricardo da Karol,Não se pronunciou,PSC,dep.ricardodakarol@camara.leg.br,3215-5274,null
RJ,Rodrigo Maia,Não se pronunciou,DEM,dep.rodrigomaia@camara.leg.br,3215-5975,null
RJ,Rosangela Gomes,Não se pronunciou,REPUBLICANOS,dep.rosangelagomes@camara.leg.br,3215-5438,null
RJ,Soraya Santos,Não se pronunciou,PL,dep.sorayasantos@camara.leg.br,3215-5324,null
RJ,Vinicius Farah,Não se pronunciou,MDB,dep.viniciusfarah@camara.leg.br,3215-5429,null
RN,Natália Bonavides,A favor do impeachment,PT,dep.nataliabonavides@camara.leg.br,3215-5748,https://twitter.com/natbonavides/status/1346976897973022723
RN,Rafael Motta,A favor do impeachment,PSB,dep.rafaelmotta@camara.leg.br,3215-5626,https://twitter.com/RafaelMottaRN/status/1262764151040028672
RN,General Girão,Contra o impeachment,PSL,dep.generalgirao@camara.leg.br,3215-5914,https://twitter.com/GeneralGirao/status/1348080819554942977
RN,Benes Leocádio,Não se pronunciou,REPUBLICANOS,dep.benesleocadio@camara.leg.br,3215-5417,null
RN,Beto Rosado,Não se pronunciou,PP,dep.betorosado@camara.leg.br,3215-5840,null
RN,Carla Dickson,Não se pronunciou,PROS,dep.carladickson@camara.leg.br,3215-5706,null
RN,João Maia,Não se pronunciou,PL,dep.joaomaia@camara.leg.br,3215-5439,null
RN,Walter Alves,Não se pronunciou,MDB,dep.walteralves@camara.leg.br,3215-5435,null
RO,Coronel Chrisóstomo,Contra o impeachment,PSL,dep.coronelchrisostomo@camara.leg.br,3215-5458,https://twitter.com/drluizovando/status/1347295978097930241
RO,Expedito Netto,Não se pronunciou,PSD,dep.expeditonetto@camara.leg.br,3215-5943,null
RO,Jaqueline Cassol,Não se pronunciou,PP,dep.jaquelinecassol@camara.leg.br,3215-5242,null
RO,Léo Moraes,Não se pronunciou,PODE,dep.leomoraes@camara.leg.br,3215-5503,null
RO,Lucio Mosquini,Não se pronunciou,MDB,dep.luciomosquini@camara.leg.br,3215-5918,null
RO,Mariana Carvalho,Não se pronunciou,PSDB,dep.marianacarvalho@camara.leg.br,3215-5508,null
RO,Mauro Nazif,Não se pronunciou,PSB,dep.mauronazif@camara.leg.br,3215-5818,null
RO,Silvia Cristina,Não se pronunciou,PDT,dep.silviacristina@camara.leg.br,3215-5524,null
RR,Joenia Wapichana,A favor do impeachment,REDE,dep.joeniawapichana@camara.leg.br,3215-5231,https://noticias.uol.com.br/politica/ultimas-noticias/2021/01/15/oposicao-apresentara-pedido-de-impeachment-contra-bolsonaro-por-caos-no-am.htm
RR,Edio Lopes,Não se pronunciou,PL,dep.ediolopes@camara.leg.br,3215-5408,null
RR,Haroldo Cathedral,Não se pronunciou,PSD,dep.haroldocathedral@camara.leg.br,3215-5280,null
RR,Hiran Gonçalves,Não se pronunciou,PP,dep.hirangoncalves@camara.leg.br,3215-5478,null
RR,Jhonatan de Jesus,Não se pronunciou,REPUBLICANOS,dep.jhonatandejesus@camara.leg.br,3215-5535,null
RR,Nicoletti,Não se pronunciou,PSL,dep.nicoletti@camara.leg.br,3215-5287,null
RR,Ottaci Nascimento,Não se pronunciou,SOLIDARIEDADE,dep.ottacinascimento@camara.leg.br,3215-5521,null
RR,Shéridan,Não se pronunciou,PSDB,dep.sheridan@camara.leg.br,3215-5246,null
RS,Afonso Motta,A favor do impeachment,PDT,dep.afonsomotta@camara.leg.br,3215-5528,https://www.facebook.com/AfonsoMottaOpina/posts/3037367033010103
RS,Bohn Gass,A favor do impeachment,PT,dep.bohngass@camara.leg.br,3215-5469,https://twitter.com/BohnGass/status/1350138159796006917
RS,Fernanda Melchionna,A favor do impeachment,PSOL,dep.fernandamelchionna@camara.leg.br,3215-5621,https://twitter.com/fernandapsol/status/1350128997045329922
RS,Henrique Fontana,A favor do impeachment,PT,dep.henriquefontana@camara.leg.br,3215-5256,https://twitter.com/HenriqueFontana/status/1350066280380903424
RS,Marcon,A favor do impeachment,PT,dep.marcon@camara.leg.br,3215-5569,https://twitter.com/depmarcon/status/1350106375305764869
RS,Maria do Rosário,A favor do impeachment,PT,dep.mariadorosario@camara.leg.br,3215-5312,https://twitter.com/mariadorosario/status/1349864000432070659
RS,Paulo Pimenta,A favor do impeachment,PT,dep.paulopimenta@camara.leg.br,3215-5552,https://twitter.com/DeputadoFederal/status/1350089582214320131
RS,Pompeo de Mattos,A favor do impeachment,PDT,dep.pompeodemattos@camara.leg.br,3215-5704,https://twitter.com/PompeodeMattos/status/1262843494428823552
RS,Bibo Nunes,Contra o impeachment,PSL,dep.bibonunes@camara.leg.br,3215-5518,https://twitter.com/bibonunes1/status/1263452157195493376
RS,Jerônimo Goergen,Contra o impeachment,PP,dep.jeronimogoergen@camara.leg.br,3215-5316,https://drive.google.com/file/d/1bqcgofMAlQ0xyLPS4vad8dFHckRnDlN3/view?usp=sharing
RS,Liziane Bayer,Contra o impeachment,PSB,dep.lizianebayer@camara.leg.br,3215-5538,https://drive.google.com/file/d/1gXk-2Ulsegt19HGzJpjuJa6ghyGoiOqi/view?usp=sharing
RS,Sanderson,Contra o impeachment,PSL,dep.sanderson@camara.leg.br,3215-5354,https://twitter.com/DepSanderson/status/1289399888829198336
RS,Afonso Hamm,Não se pronunciou,PP,dep.afonsohamm@camara.leg.br,3215-5604,null
RS,Alceu Moreira,Não se pronunciou,MDB,dep.alceumoreira@camara.leg.br,3215-5238,null
RS,Carlos Gomes,Não se pronunciou,REPUBLICANOS,dep.carlosgomes@camara.leg.br,3215-5285,null
RS,Daniel Trzeciak,Não se pronunciou,PSDB,dep.danieltrzeciak@camara.leg.br,3215-5917,https://twitter.com/TrzeciakDaniel/status/1353024508194652160
RS,Danrlei de Deus Hinterholz,Não se pronunciou,PSD,dep.danrleidedeushinterholz@camara.leg.br,3215-5566,null
RS,Giovani Cherini,Não se pronunciou,PL,dep.giovanicherini@camara.leg.br,3215-5468,null
RS,Giovani Feltes,Não se pronunciou,MDB,dep.giovanifeltes@camara.leg.br,3215-5376,null
RS,Heitor Schuch,Não se pronunciou,PSB,dep.heitorschuch@camara.leg.br,3215-5277,null
RS,Lucas Redecker,Não se pronunciou,PSDB,dep.lucasredecker@camara.leg.br,3215-5905,null
RS,Marcel van Hattem,Não se pronunciou,NOVO,dep.marcelvanhattem@camara.leg.br,3215-5958,null
RS,Marcelo Brum,Não se pronunciou,PSL,dep.marcelobrum@camara.leg.br,3215-5828,null
RS,Marcelo Moraes,Não se pronunciou,PTB,dep.marcelomoraes@camara.leg.br,3215-5258,null
RS,Márcio Biolchi,Não se pronunciou,MDB,dep.marciobiolchi@camara.leg.br,3215-5843,null
RS,Marlon Santos,Não se pronunciou,PDT,dep.marlonsantos@camara.leg.br,3215-5760,null
RS,Maurício Dziedricki,Não se pronunciou,PTB,dep.mauriciodziedricki@camara.leg.br,3215-5576,null
RS,Nereu Crispim,Não se pronunciou,PSL,dep.nereucrispim@camara.leg.br,3215-5483,null
RS,Osmar Terra,Não se pronunciou,MDB,dep.osmarterra@camara.leg.br,3215-5927,null
RS,Pedro Westphalen,Não se pronunciou,PP,dep.pedrowestphalen@camara.leg.br,3215-5526,null
RS,Santini,Não se pronunciou,PTB,dep.santini@camara.leg.br,3215-5228,null
SC,Pedro Uczai,A favor do impeachment,PT,dep.pedrouczai@camara.leg.br,3215-5229,https://twitter.com/uczai/status/1350489288677404676
SC,Coronel Armando,Contra o impeachment,PSL,dep.coronelarmando@camara.leg.br,3215-5268,https://twitter.com/cel_armando/status/1351228629007687683
SC,Rodrigo Coelho,Contra o impeachment,PSB,dep.rodrigocoelho@camara.leg.br,3215-5329,https://twitter.com/coelho_rodrigo/status/1350420248164495362
SC,Angela Amin,Não se pronunciou,PP,dep.angelaamin@camara.leg.br,3215-5252,null
SC,Carlos Chiodini,Não se pronunciou,MDB,dep.carloschiodini@camara.leg.br,3215-5925,null
SC,Carmen Zanotto,Não se pronunciou,CIDADANIA,dep.carmenzanotto@camara.leg.br,3215-5418,null
SC,Caroline de Toni,Não se pronunciou,PSL,dep.carolinedetoni@camara.leg.br,3215-5476,null
SC,Celso Maldaner,Não se pronunciou,MDB,dep.celsomaldaner@camara.leg.br,3215-5311,null
SC,Daniel Freitas,Não se pronunciou,PSL,dep.danielfreitas@camara.leg.br,3215-5273,null
SC,Darci de Matos,Não se pronunciou,PSD,dep.darcidematos@camara.leg.br,3215-5709,null
SC,Fabio Schiochet,Não se pronunciou,PSL,dep.fabioschiochet@camara.leg.br,3215-5758,null
SC,Geovania de Sá,Não se pronunciou,PSDB,dep.geovaniadesa@camara.leg.br,3215-5606,null
SC,Gilson Marques,Não se pronunciou,NOVO,dep.gilsonmarques@camara.leg.br,3215-5431,https://drive.google.com/file/d/1zXYAfaET02Gu7xTd6cPuxb3vmvplwvy-/view?usp=sharing
SC,Hélio Costa,Não se pronunciou,REPUBLICANOS,dep.heliocosta@camara.leg.br,3215-5609,null
SC,Jorge Goetten,Não se pronunciou,PL,dep.jorgegoetten@camara.leg.br,3215-5656,null
SC,Ricardo Guidi,Não se pronunciou,PSD,dep.ricardoguidi@camara.leg.br,3215-5407,null
SE,João Daniel,A favor do impeachment,PT,dep.joaodaniel@camara.leg.br,3215-5605,https://twitter.com/depjoaodanielpt/status/1349487186366910464
SE,Laercio Oliveira,Contra o impeachment,PP,dep.laerciooliveira@camara.leg.br,3215-5629,https://drive.google.com/file/d/1FnuyIaxZ6LYZFE6sB3-e5B_ZR5z_oNuk/view?usp=sharing
SE,Bosco Costa,Não se pronunciou,PL,dep.boscocosta@camara.leg.br,3215-5742,null
SE,Fábio Henrique,Não se pronunciou,PDT,dep.fabiohenrique@camara.leg.br,3215-5475,null
SE,Fábio Mitidieri,Não se pronunciou,PSD,dep.fabiomitidieri@camara.leg.br,3215-5278,null
SE,Fabio Reis,Não se pronunciou,MDB,dep.fabioreis@camara.leg.br,3215-5410,null
SE,Gustinho Ribeiro,Não se pronunciou,SOLIDARIEDADE,dep.gustinhoribeiro@camara.leg.br,3215-5379,null
SE,Valdevan Noventa,Não se pronunciou,PL,dep.valdevannoventa@camara.leg.br,3215-5637,null
SP,Alencar Santana Braga,A favor do impeachment,PT,dep.alencarsantanabraga@camara.leg.br,3215-5239,https://twitter.com/AlencarBraga13/status/1350094514678067200
SP,Alexandre Frota,A favor do impeachment,PSDB,dep.alexandrefrota@camara.leg.br,3215-5216,https://twitter.com/77_frota/status/1349978906867212289
SP,Alexandre Padilha,A favor do impeachment,PT,dep.alexandrepadilha@camara.leg.br,3215-5956,https://twitter.com/padilhando/status/1324422654816854016
SP,Arlindo Chinaglia,A favor do impeachment,PT,dep.arlindochinaglia@camara.leg.br,3215-5966,https://www.facebook.com/depchinaglia/posts/2786643378252238
SP,Bozzella,A favor do impeachment,PSL,dep.bozzella@camara.leg.br,3215-5582,https://twitter.com/bozzellajr/status/1350192598686838786
SP,Carlos Zarattini,A favor do impeachment,PT,dep.carloszarattini@camara.leg.br,3215-5808,https://twitter.com/CarlosZarattini/status/1348052695651917824
SP,Ivan Valente,A favor do impeachment,PSOL,dep.ivanvalente@camara.leg.br,3215-5716,https://twitter.com/IvanValente/status/1349473173335658497
SP,Joice Hasselmann,A favor do impeachment,PSL,dep.joicehasselmann@camara.leg.br,3215-5825,https://twitter.com/joicehasselmann/status/1350118954988150784
SP,Kim Kataguiri,A favor do impeachment,DEM,dep.kimkataguiri@camara.leg.br,3215-5421,https://twitter.com/kimpkat/status/1349890494101413888
SP,Luiza Erundina,A favor do impeachment,PSOL,dep.luizaerundina@camara.leg.br,3215-5620,https://twitter.com/luizaerundina/status/1350100167735840771
SP,Nilto Tatto,A favor do impeachment,PT,dep.niltotatto@camara.leg.br,3215-5502,https://twitter.com/NiltoTatto/status/1350125654944198657
SP,Orlando Silva,A favor do impeachment,PCdoB,dep.orlandosilva@camara.leg.br,3215-5923,https://twitter.com/orlandosilva/status/1293973718067273733
SP,Paulo Teixeira,A favor do impeachment,PT,dep.pauloteixeira@camara.leg.br,3215-5281,https://twitter.com/pauloteixeira13/status/1350051257520631809
SP,Rui Falcão,A favor do impeachment,PT,dep.ruifalcao@camara.leg.br,3215-5819,https://twitter.com/rfalcao13/status/1350099573058973696
SP,Sâmia Bomfim,A favor do impeachment,PSOL,dep.samiabomfim@camara.leg.br,3215-5623,https://twitter.com/samiabomfim/status/1350123014386577408
SP,Tabata Amaral,A favor do impeachment,PDT,dep.tabataamaral@camara.leg.br,3215-5848,https://twitter.com/tabataamaralsp/status/1350570216024109064?s=21
SP,Vicentinho,A favor do impeachment,PT,dep.vicentinho@camara.leg.br,3215-5740,https://twitter.com/VICENTINHOPT/status/1263217520548380679
SP,Bruna Furlan,Contra o impeachment,PSDB,dep.brunafurlan@camara.leg.br,3215-5836,https://www.oantagonista.com/brasil/nao-e-momento-de-falar-em-impeachment-diz-vice-presidente-do-psdb/
SP,Carla Zambelli,Contra o impeachment,PSL,dep.carlazambelli@camara.leg.br,3215-5482,https://www.oantagonista.com/brasil/zambelli-bolsonaro-nao-cometeu-crime-algum/
SP,Coronel Tadeu,Contra o impeachment,PSL,dep.coroneltadeu@camara.leg.br,3215-5756,https://twitter.com/CoronelTadeu/status/1350794661829468160
SP,Eduardo Bolsonaro,Contra o impeachment,PSL,dep.eduardobolsonaro@camara.leg.br,3215-5350,https://twitter.com/BolsonaroSP/status/1270495364416786433
SP,Guilherme Derrite,Contra o impeachment,PP,dep.guilhermederrite@camara.leg.br,3215-5639,https://twitter.com/capitaoderrite/status/1254843311019438083
SP,Marcos Pereira,Contra o impeachment,REPUBLICANOS,dep.marcospereira@camara.leg.br,3215-5523,https://twitter.com/marcospereira04/status/1267510174509563909
SP,Milton Vieira,Contra o impeachment,REPUBLICANOS,dep.miltonvieira@camara.leg.br,3215-5344,https://twitter.com/MiltonVieiraOfc/status/1254924747890216963
SP,Pr. Marco Feliciano,Contra o impeachment,REPUBLICANOS,dep.pr.marcofeliciano@camara.leg.br,3215-5254,https://twitter.com/marcofeliciano/status/1349393494612340742
SP,Rosana Valle,Contra o impeachment,PSB,dep.rosanavalle@camara.leg.br,3215-5529,https://twitter.com/DepRosanaValle/status/1255637882443911169
SP,Samuel Moreira,Contra o impeachment,PSDB,dep.samuelmoreira@camara.leg.br,3215-5921,https://twitter.com/samuelmoreira/status/1246149672537817093
SP,Abou Anni,Não se pronunciou,PSL,dep.abouanni@camara.leg.br,3215-5339,null
SP,Adriana Ventura,Não se pronunciou,NOVO,dep.adrianaventura@camara.leg.br,3215-5802,null
SP,Alex Manente,Não se pronunciou,CIDADANIA,dep.alexmanente@camara.leg.br,3215-5205,https://drive.google.com/file/d/10-2KC2dr0rUkpgJN9W9JM49DFRxDaXVc/view?usp=sharing
SP,Alexandre Leite,Não se pronunciou,DEM,dep.alexandreleite@camara.leg.br,3215-5841,https://twitter.com/lexandreleite/status/1351500980056182786
SP,Alexis Fonteyne,Não se pronunciou,NOVO,dep.alexisfonteyne@camara.leg.br,3215-5845,null
SP,Arnaldo Jardim,Não se pronunciou,CIDADANIA,dep.arnaldojardim@camara.leg.br,3215-5245,null
SP,Baleia Rossi,Não se pronunciou,MDB,dep.baleiarossi@camara.leg.br,3215-5829,null
SP,Capitão Augusto,Não se pronunciou,PL,dep.capitaoaugusto@camara.leg.br,3215-5358,null
SP,Carlos Sampaio,Não se pronunciou,PSDB,dep.carlossampaio@camara.leg.br,3215-5207,null
SP,Celso Russomanno,Não se pronunciou,REPUBLICANOS,dep.celsorussomanno@camara.leg.br,3215-5960,null
SP,Cezinha de Madureira,Não se pronunciou,PSD,dep.cezinhademadureira@camara.leg.br,3215-5533,null
SP,David Soares,Não se pronunciou,DEM,dep.davidsoares@camara.leg.br,3215-5741,null
SP,Eduardo Cury,Não se pronunciou,PSDB,dep.eduardocury@camara.leg.br,3215-5368,null
SP,Eli Corrêa Filho,Não se pronunciou,DEM,dep.elicorreafilho@camara.leg.br,3215-5850,null
SP,Enrico Misasi,Não se pronunciou,PV,dep.enricomisasi@camara.leg.br,3215-5574,null
SP,Fausto Pinato,Não se pronunciou,PP,dep.faustopinato@camara.leg.br,3215-5562,null
SP,General Peternelli,Não se pronunciou,PSL,dep.generalpeternelli@camara.leg.br,3215-5570,null
SP,Geninho Zuliani,Não se pronunciou,DEM,dep.geninhozuliani@camara.leg.br,3215-5860,null
SP,Gilberto Nascimento,Não se pronunciou,PSC,dep.gilbertonascimento@camara.leg.br,3215-5834,null
SP,Guiga Peixoto,Não se pronunciou,PSL,dep.guigapeixoto@camara.leg.br,3215-5333,null
SP,Guilherme Mussi,Não se pronunciou,PP,dep.guilhermemussi@camara.leg.br,3215-5712,null
SP,Herculano Passos,Não se pronunciou,MDB,dep.herculanopassos@camara.leg.br,3215-5926,null
SP,Jefferson Campos,Não se pronunciou,PSB,dep.jeffersoncampos@camara.leg.br,3215-5346,null
SP,Luiz Carlos Motta,Não se pronunciou,PL,dep.luizcarlosmotta@camara.leg.br,3215-5415,null
SP,Luiz Philippe de Orleans e Bragança,Não se pronunciou,PSL,dep.luizphilippedeorleansebraganca@camara.leg.br,3215-5719,null
SP,Marcio Alvino,Não se pronunciou,PL,dep.marcioalvino@camara.leg.br,3215-5331,null
SP,Marco Bertaiolli,Não se pronunciou,PSD,dep.marcobertaiolli@camara.leg.br,3215-5401,null
SP,Maria Rosas,Não se pronunciou,REPUBLICANOS,dep.mariarosas@camara.leg.br,3215-5436,null
SP,Miguel Lombardi,Não se pronunciou,PL,dep.miguellombardi@camara.leg.br,3215-5835,null
SP,Paulo Freire Costa,Não se pronunciou,PL,dep.paulofreirecosta@camara.leg.br,3215-5416,null
SP,Paulo Pereira da Silva,Não se pronunciou,SOLIDARIEDADE,dep.paulopereiradasilva@camara.leg.br,3215-5217,null
SP,Policial Katia Sastre,Não se pronunciou,PL,dep.policialkatiasastre@camara.leg.br,3215-5428,null
SP,Renata Abreu,Não se pronunciou,PODE,dep.renataabreu@camara.leg.br,3215-5717,null
SP,Ricardo Izar,Não se pronunciou,PP,dep.ricardoizar@camara.leg.br,3215-5634,https://twitter.com/RicardoIzar/status/1351550547569094657
SP,Ricardo Silva,Não se pronunciou,PSB,dep.ricardosilva@camara.leg.br,3215-5904,null
SP,Roberto Alves,Não se pronunciou,REPUBLICANOS,dep.robertoalves@camara.leg.br,3215-5946,null
SP,Roberto de Lucena,Não se pronunciou,PODE,dep.robertodelucena@camara.leg.br,3215-5235,null
SP,Rodrigo Agostinho,Não se pronunciou,PSB,dep.rodrigoagostinho@camara.leg.br,3215-5801,null
SP,Tiririca,Não se pronunciou,PL,dep.tiririca@camara.leg.br,3215-5343,null
SP,Vanderlei Macris,Não se pronunciou,PSDB,dep.vanderleimacris@camara.leg.br,3215-5618,null
SP,Vinicius Carvalho,Não se pronunciou,REPUBLICANOS,dep.viniciuscarvalho@camara.leg.br,3215-5356,null
SP,Vinicius Poit,Não se pronunciou,NOVO,dep.viniciuspoit@camara.leg.br,3215-5558,https://twitter.com/ViniciusPoit/status/1351321267157262338
SP,Vitor Lippi,Não se pronunciou,PSDB,dep.vitorlippi@camara.leg.br,3215-5823,null
TO,Célio Moura,A favor do impeachment,PT,dep.celiomoura@camara.leg.br,3215-5832,https://twitter.com/CelioMouraTO/status/1350189322339811329
TO,Carlos Henrique Gaguim,Não se pronunciou,DEM,dep.carloshenriquegaguim@camara.leg.br,3215-5214,null
TO,Dulce Miranda,Não se pronunciou,MDB,dep.dulcemiranda@camara.leg.br,3215-5530,null
TO,Eli Borges,Não se pronunciou,SOLIDARIEDADE,dep.eliborges@camara.leg.br,3215-5248,null
TO,Osires Damaso,Não se pronunciou,PSC,dep.osiresdamaso@camara.leg.br,3215-5474,null
TO,Professora Dorinha Seabra Rezende,Não se pronunciou,DEM,dep.professoradorinhaseabrarezende@camara.leg.br,3215-5432,null
TO,Tiago Dimas,Não se pronunciou,SOLIDARIEDADE,dep.tiagodimas@camara.leg.br,3215-5269,null
TO,Vicentinho Júnior,Não se pronunciou,PL,dep.vicentinhojunior@camara.leg.br,3215-5204,null